-- Delete existing data and reset identity
DELETE FROM AccountingEntry;
DBCC CHECKIDENT ('AccountingEntry', RESEED, 0);

DELETE FROM Allowance;
DBCC CHECKIDENT ('Allowance', RESEED, 0);

DELETE FROM Tax;
DBCC CHECKIDENT ('Tax', RESEED, 0);

DELETE FROM TeacherIncome;
DBCC CHECKIDENT ('TeacherIncome', RESEED, 0);

-- Insert 70 records into Tax table
INSERT INTO Tax (Name, Description, Rate, IsPercentage, IsActive) VALUES
('Withholding Tax', 'Standard withholding tax 10%', 10.00, 1, 1),
('Local Tax', 'Local government tax 2%', 2.00, 1, 1),
('Fixed Levy', 'Fixed monthly levy', 500.00, 0, 1),
('State Tax', 'State income tax 5%', 5.00, 1, 1),
('Federal Tax', 'Federal income tax 15%', 15.00, 1, 1),
('Social Security', 'Social security contribution 6.2%', 6.20, 1, 1),
('Medicare', 'Medicare tax 1.45%', 1.45, 1, 1),
('City Tax', 'City municipal tax 1.5%', 1.50, 1, 1),
('Education Tax', 'Education fund tax 0.5%', 0.50, 1, 1),
('Healthcare Tax', 'Healthcare contribution tax 3%', 3.00, 1, 1),
('Professional Tax', 'Professional license tax 200', 200.00, 0, 1),
('Retirement Tax', 'Retirement fund 4%', 4.00, 1, 1),
('Disability Tax', 'Disability insurance 0.9%', 0.90, 1, 1),
('Unemployment Tax', 'Unemployment insurance 2.7%', 2.70, 1, 1),
('Training Tax', 'Professional training tax 0.3%', 0.30, 1, 1),
('Infrastructure Tax', 'Infrastructure development 1.2%', 1.20, 1, 1),
('Environmental Tax', 'Environmental protection 0.8%', 0.80, 1, 1),
('Cultural Tax', 'Cultural development 0.4%', 0.40, 1, 1),
('Sports Tax', 'Sports development 0.6%', 0.60, 1, 1),
('Technology Tax', 'Technology innovation 0.7%', 0.70, 1, 1),
('Business Tax', 'Business operations tax 2.5%', 2.50, 1, 1),
('Property Tax', 'Property related tax 300', 300.00, 0, 1),
('Service Tax', 'Service charge 5%', 5.00, 1, 1),
('VAT', 'Value added tax 12%', 12.00, 1, 1),
('GST', 'Goods and services tax 7%', 7.00, 1, 1),
('Sales Tax', 'Sales tax 8.25%', 8.25, 1, 1),
('Import Tax', 'Import duty 10%', 10.00, 1, 1),
('Export Tax', 'Export duty 5%', 5.00, 1, 1),
('Luxury Tax', 'Luxury goods tax 20%', 20.00, 1, 1),
('Sin Tax', 'Sin tax on harmful goods 15%', 15.00, 1, 1),
('Entertainment Tax', 'Entertainment tax 10%', 10.00, 1, 1),
('Tourism Tax', 'Tourism development tax 2%', 2.00, 1, 1),
('Transport Tax', 'Public transport tax 1%', 1.00, 1, 1),
('Fuel Tax', 'Fuel surcharge 3%', 3.00, 1, 1),
('Road Tax', 'Road maintenance tax 250', 250.00, 0, 1),
('Vehicle Tax', 'Vehicle registration tax 1.5%', 1.50, 1, 1),
('Pet Tax', 'Pet ownership tax 100', 100.00, 0, 1),
('Garbage Tax', 'Waste management tax 150', 150.00, 0, 1),
('Water Tax', 'Water usage tax 2%', 2.00, 1, 1),
('Electricity Tax', 'Electricity surcharge 1.8%', 1.80, 1, 1),
('Internet Tax', 'Internet service tax 5%', 5.00, 1, 1),
('Mobile Tax', 'Mobile service tax 3%', 3.00, 1, 1),
('Bank Tax', 'Banking transaction tax 0.1%', 0.10, 1, 1),
('Insurance Tax', 'Insurance premium tax 4%', 4.00, 1, 1),
('Stock Tax', 'Stock trading tax 0.5%', 0.50, 1, 1),
('Property Transfer Tax', 'Property transfer tax 3%', 3.00, 1, 1),
('Inheritance Tax', 'Inheritance tax 10%', 10.00, 1, 1),
('Gift Tax', 'Gift tax 5%', 5.00, 1, 1),
('Wealth Tax', 'Wealth tax 1%', 1.00, 1, 1),
('Carbon Tax', 'Carbon emission tax 2%', 2.00, 1, 1),
('Plastic Tax', 'Plastic usage tax 0.5%', 0.50, 1, 1),
('Sugar Tax', 'Sugar content tax 1%', 1.00, 1, 1),
('Alcohol Tax', 'Alcohol beverage tax 25%', 25.00, 1, 1),
('Tobacco Tax', 'Tobacco products tax 30%', 30.00, 1, 1),
('Gambling Tax', 'Gambling revenue tax 15%', 15.00, 1, 1),
('Hotel Tax', 'Hotel accommodation tax 8%', 8.00, 1, 1),
('Restaurant Tax', 'Restaurant service tax 6%', 6.00, 1, 1),
('Airport Tax', 'Airport departure tax 500', 500.00, 0, 1),
('Seaport Tax', 'Seaport usage tax 2%', 2.00, 1, 1),
('Border Tax', 'Border crossing tax 100', 100.00, 0, 1),
('Visa Tax', 'Visa processing tax 75', 75.00, 0, 1),
('Passport Tax', 'Passport fee tax 50', 50.00, 0, 1),
('License Tax', 'Driver license tax 80', 80.00, 0, 1),
('Registration Tax', 'Business registration tax 200', 200.00, 0, 1),
('Patent Tax', 'Patent filing tax 300', 300.00, 0, 1),
('Trademark Tax', 'Trademark registration tax 250', 250.00, 0, 1),
('Copyright Tax', 'Copyright registration tax 150', 150.00, 0, 1),
('Building Tax', 'Building permit tax 1%', 1.00, 1, 1),
('Construction Tax', 'Construction materials tax 3%', 3.00, 1, 1),
('Land Tax', 'Land ownership tax 0.8%', 0.80, 1, 1),
('Farm Tax', 'Agricultural land tax 0.3%', 0.30, 1, 1);

-- Insert 70 records into Allowance table
INSERT INTO Allowance (Name, Description, Amount, IsPercentage, IsTaxable, IsActive) VALUES
('Transport Allowance', '5% of basic salary', 5.00, 1, 1, 1),
('Meal Allowance', 'Fixed monthly meal allowance', 1500.00, 0, 1, 1),
('Clothing Allowance', 'Non-taxable clothing allowance', 1000.00, 0, 0, 1),
('Housing Allowance', '10% of basic salary for housing', 10.00, 1, 1, 1),
('Medical Allowance', 'Medical expense reimbursement', 2000.00, 0, 0, 1),
('Education Allowance', 'Children education support', 8.00, 1, 1, 1),
('Travel Allowance', 'Business travel expenses', 7.00, 1, 1, 1),
('Communication Allowance', 'Phone and internet allowance', 800.00, 0, 1, 1),
('Entertainment Allowance', 'Client entertainment expenses', 5.00, 1, 1, 1),
('Book Allowance', 'Professional books and materials', 500.00, 0, 1, 1),
('Research Allowance', 'Research and development', 6.00, 1, 0, 1),
('Conference Allowance', 'Conference attendance', 3000.00, 0, 1, 1),
('Training Allowance', 'Professional training courses', 8.00, 1, 1, 1),
('Car Allowance', 'Company car maintenance', 12.00, 1, 1, 1),
('Fuel Allowance', 'Fuel reimbursement', 2000.00, 0, 1, 1),
('Parking Allowance', 'Parking expenses', 600.00, 0, 1, 1),
('Relocation Allowance', 'Relocation assistance', 15000.00, 0, 0, 1),
('Settling Allowance', 'Settling-in allowance', 5000.00, 0, 1, 1),
('Performance Allowance', 'Performance bonus', 15.00, 1, 1, 1),
('Attendance Allowance', 'Perfect attendance bonus', 1000.00, 0, 1, 1),
('Overtime Allowance', 'Overtime compensation', 1.5, 1, 1, 1),
('Night Shift Allowance', 'Night shift differential', 10.00, 1, 1, 1),
('Hazard Allowance', 'Hazardous duty pay', 20.00, 1, 1, 1),
('Remote Allowance', 'Remote work allowance', 8.00, 1, 1, 1),
('Internet Allowance', 'Home internet subsidy', 1200.00, 0, 1, 1),
('Electricity Allowance', 'Home office electricity', 800.00, 0, 1, 1),
('Equipment Allowance', 'Home office equipment', 5000.00, 0, 1, 1),
('Software Allowance', 'Software subscriptions', 2000.00, 0, 1, 1),
('Wellness Allowance', 'Health and wellness', 1500.00, 0, 0, 1),
('Gym Allowance', 'Gym membership', 1000.00, 0, 1, 1),
('Childcare Allowance', 'Childcare assistance', 8.00, 1, 0, 1),
('Elderly Care Allowance', 'Elderly care support', 5.00, 1, 0, 1),
('Pet Care Allowance', 'Pet care expenses', 500.00, 0, 1, 1),
('Laundry Allowance', 'Uniform laundry', 300.00, 0, 1, 1),
('Uniform Allowance', 'Uniform purchase', 1500.00, 0, 1, 1),
('Safety Allowance', 'Safety equipment', 800.00, 0, 1, 1),
('Tool Allowance', 'Work tools purchase', 2000.00, 0, 1, 1),
('Subscription Allowance', 'Professional subscriptions', 1200.00, 0, 1, 1),
('Language Allowance', 'Foreign language proficiency', 5.00, 1, 1, 1),
('Certification Allowance', 'Professional certifications', 10.00, 1, 1, 1),
('Degree Allowance', 'Higher education support', 15.00, 1, 0, 1),
('Project Allowance', 'Special project bonus', 20.00, 1, 1, 1),
('Team Lead Allowance', 'Team leadership', 15.00, 1, 1, 1),
('Manager Allowance', 'Management responsibility', 25.00, 1, 1, 1),
('Director Allowance', 'Director level allowance', 35.00, 1, 1, 1),
('Regional Allowance', 'Regional cost adjustment', 10.00, 1, 1, 1),
('Cost of Living Allowance', 'COLA adjustment', 12.00, 1, 1, 1),
('Inflation Allowance', 'Inflation adjustment', 5.00, 1, 1, 1),
('Loyalty Allowance', 'Long service bonus', 2.00, 1, 1, 1),
('Retention Allowance', 'Employee retention bonus', 15.00, 1, 1, 1),
('Referral Allowance', 'Employee referral bonus', 3000.00, 0, 1, 1),
('Recruitment Allowance', 'Recruitment assistance', 2000.00, 0, 1, 1),
('Mentoring Allowance', 'Mentorship program', 5.00, 1, 1, 1),
('Teaching Allowance', 'Teaching additional classes', 10.00, 1, 1, 1),
('Research Publication Allowance', 'Research publications', 8.00, 1, 0, 1),
('Patent Allowance', 'Patent filing bonus', 10000.00, 0, 1, 1),
('Innovation Allowance', 'Innovation contribution', 12.00, 1, 1, 1),
('Quality Allowance', 'Quality improvement', 5.00, 1, 1, 1),
('Efficiency Allowance', 'Efficiency improvement', 6.00, 1, 1, 1),
('Sales Allowance', 'Sales commission', 15.00, 1, 1, 1),
('Commission Allowance', 'Sales commission base', 10.00, 1, 1, 1),
('Profit Sharing Allowance', 'Profit sharing', 5.00, 1, 1, 1),
('Stock Option Allowance', 'Stock options', 10.00, 1, 1, 1),
('Dividend Allowance', 'Dividend distribution', 8.00, 1, 1, 1),
('Bonus Allowance', 'Annual performance bonus', 20.00, 1, 1, 1),
('Festival Allowance', 'Festival bonus', 1.00, 1, 1, 1),
('Holiday Allowance', 'Holiday pay', 2.00, 1, 1, 1),
('Vacation Allowance', 'Vacation bonus', 5.00, 1, 1, 1),
('Sick Leave Allowance', 'Sick leave compensation', 3.00, 1, 1, 1),
('Maternity Allowance', 'Maternity leave support', 100.00, 0, 0, 1),
('Paternity Allowance', 'Paternity leave support', 50.00, 0, 0, 1),
('Bereavement Allowance', 'Bereavement support', 3000.00, 0, 0, 1);

-- Insert 70 records into TeacherIncome table with real teacher names
INSERT INTO TeacherIncome (TeacherId, TeacherName, PeriodStartDate, PeriodEndDate, BasicSalary, OvertimePay, OtherIncome) VALUES
(1, 'James Wilson', '2024-01-01', '2024-01-31', 35000.00, 1500.00, 1000.00),
(2, 'Sarah Johnson', '2024-01-01', '2024-01-31', 38000.00, 2000.00, 1200.00),
(3, 'Michael Brown', '2024-01-01', '2024-01-31', 42000.00, 1800.00, 1500.00),
(4, 'Emily Davis', '2024-01-01', '2024-01-31', 39000.00, 2200.00, 1300.00),
(5, 'David Miller', '2024-02-01', '2024-02-29', 36000.00, 1600.00, 1100.00),
(6, 'Jennifer Taylor', '2024-02-01', '2024-02-29', 41000.00, 1900.00, 1400.00),
(7, 'Robert Anderson', '2024-02-01', '2024-02-29', 44000.00, 2300.00, 1600.00),
(8, 'Lisa Thomas', '2024-02-01', '2024-02-29', 37000.00, 1700.00, 1150.00),
(9, 'William Martinez', '2024-03-01', '2024-03-31', 43000.00, 2100.00, 1550.00),
(10, 'Maria Garcia', '2024-03-01', '2024-03-31', 40000.00, 2400.00, 1650.00),
(11, 'Richard Rodriguez', '2024-03-01', '2024-03-31', 45000.00, 2500.00, 1800.00),
(12, 'Patricia Hernandez', '2024-03-01', '2024-03-31', 38500.00, 1950.00, 1350.00),
(13, 'Charles Lopez', '2024-04-01', '2024-04-30', 47000.00, 2700.00, 1950.00),
(14, 'Susan Gonzalez', '2024-04-01', '2024-04-30', 42500.00, 2250.00, 1700.00),
(15, 'Joseph Wilson', '2024-04-01', '2024-04-30', 39500.00, 2050.00, 1450.00),
(16, 'Karen Moore', '2024-04-01', '2024-04-30', 46000.00, 2600.00, 1850.00),
(17, 'Thomas Jackson', '2024-05-01', '2024-05-31', 48000.00, 2800.00, 2000.00),
(18, 'Nancy Lee', '2024-05-01', '2024-05-31', 43500.00, 2350.00, 1750.00),
(19, 'Daniel Perez', '2024-05-01', '2024-05-31', 40500.00, 2150.00, 1550.00),
(20, 'Betty Thompson', '2024-05-01', '2024-05-31', 47500.00, 2750.00, 1950.00),
(21, 'Matthew White', '2024-06-01', '2024-06-30', 49000.00, 2900.00, 2050.00),
(22, 'Sandra Harris', '2024-06-01', '2024-06-30', 44500.00, 2450.00, 1800.00),
(23, 'Anthony Martin', '2024-06-01', '2024-06-30', 41500.00, 2250.00, 1650.00),
(24, 'Margaret Clark', '2024-06-01', '2024-06-30', 48500.00, 2850.00, 2000.00),
(25, 'Donald Lewis', '2024-07-01', '2024-07-31', 50000.00, 3000.00, 2100.00),
(26, 'Dorothy Robinson', '2024-07-01', '2024-07-31', 45500.00, 2550.00, 1850.00),
(27, 'Steven Walker', '2024-07-01', '2024-07-31', 42500.00, 2350.00, 1750.00),
(28, 'Carol Young', '2024-07-01', '2024-07-31', 49500.00, 2950.00, 2050.00),
(29, 'Paul Allen', '2024-08-01', '2024-08-31', 51000.00, 3100.00, 2150.00),
(30, 'Ruth King', '2024-08-01', '2024-08-31', 46500.00, 2650.00, 1900.00),
(31, 'Mark Scott', '2024-08-01', '2024-08-31', 43500.00, 2450.00, 1800.00),
(32, 'Sharon Green', '2024-08-01', '2024-08-31', 50500.00, 3050.00, 2100.00),
(33, 'George Adams', '2024-09-01', '2024-09-30', 52000.00, 3200.00, 2200.00),
(34, 'Michelle Baker', '2024-09-01', '2024-09-30', 47500.00, 2750.00, 1950.00),
(35, 'Kenneth Nelson', '2024-09-01', '2024-09-30', 44500.00, 2550.00, 1850.00),
(36, 'Laura Carter', '2024-09-01', '2024-09-30', 51500.00, 3150.00, 2150.00),
(37, 'Edward Mitchell', '2024-10-01', '2024-10-31', 53000.00, 3300.00, 2250.00),
(38, 'Donna Perez', '2024-10-01', '2024-10-31', 48500.00, 2850.00, 2000.00),
(39, 'Brian Roberts', '2024-10-01', '2024-10-31', 45500.00, 2650.00, 1900.00),
(40, 'Lisa Turner', '2024-10-01', '2024-10-31', 52500.00, 3250.00, 2200.00),
(41, 'Ronald Phillips', '2024-11-01', '2024-11-30', 54000.00, 3400.00, 2300.00),
(42, 'Linda Campbell', '2024-11-01', '2024-11-30', 49500.00, 2950.00, 2050.00),
(43, 'Jason Parker', '2024-11-01', '2024-11-30', 46500.00, 2750.00, 1950.00),
(44, 'Barbara Evans', '2024-11-01', '2024-11-30', 53500.00, 3350.00, 2250.00),
(45, 'Kevin Edwards', '2024-12-01', '2024-12-31', 55000.00, 3500.00, 2350.00),
(46, 'Susan Collins', '2024-12-01', '2024-12-31', 50500.00, 3050.00, 2100.00),
(47, 'Timothy Stewart', '2024-12-01', '2024-12-31', 47500.00, 2850.00, 2000.00),
(48, 'Jessica Sanchez', '2024-12-01', '2024-12-31', 54500.00, 3450.00, 2300.00),
(49, 'Andrew Morris', '2025-01-01', '2025-01-31', 56000.00, 3600.00, 2400.00),
(50, 'Kimberly Rogers', '2025-01-01', '2025-01-31', 51500.00, 3150.00, 2150.00),
(51, 'Jeffrey Reed', '2025-01-01', '2025-01-31', 48500.00, 2950.00, 2050.00),
(52, 'Angela Cook', '2025-01-01', '2025-01-31', 55500.00, 3550.00, 2350.00),
(53, 'Ryan Morgan', '2025-02-01', '2025-02-28', 57000.00, 3700.00, 2450.00),
(54, 'Melissa Bell', '2025-02-01', '2025-02-28', 52500.00, 3250.00, 2200.00),
(55, 'Gary Murphy', '2025-02-01', '2025-02-28', 49500.00, 3050.00, 2100.00),
(56, 'Amy Bailey', '2025-02-01', '2025-02-28', 56500.00, 3650.00, 2400.00),
(57, 'Jacob Cooper', '2025-03-01', '2025-03-31', 58000.00, 3800.00, 2500.00),
(58, 'Rebecca Richardson', '2025-03-01', '2025-03-31', 53500.00, 3350.00, 2250.00),
(59, 'Nicholas Cox', '2025-03-01', '2025-03-31', 50500.00, 3150.00, 2150.00),
(60, 'Deborah Howard', '2025-03-01', '2025-03-31', 57500.00, 3750.00, 2450.00),
(61, 'Eric Ward', '2025-04-01', '2025-04-30', 59000.00, 3900.00, 2550.00),
(62, 'Stephanie Torres', '2025-04-01', '2025-04-30', 54500.00, 3450.00, 2300.00),
(63, 'Stephen Peterson', '2025-04-01', '2025-04-30', 51500.00, 3250.00, 2200.00),
(64, 'Laura Gray', '2025-04-01', '2025-04-30', 58500.00, 3850.00, 2500.00),
(65, 'Jonathan Ramirez', '2025-05-01', '2025-05-31', 60000.00, 4000.00, 2600.00),
(66, 'Cynthia James', '2025-05-01', '2025-05-31', 55500.00, 3550.00, 2350.00),
(67, 'Larry Watson', '2025-05-01', '2025-05-31', 52500.00, 3350.00, 2250.00),
(68, 'Brenda Brooks', '2025-05-01', '2025-05-31', 59500.00, 3950.00, 2550.00),
(69, 'Scott Kelly', '2025-06-01', '2025-06-30', 61000.00, 4100.00, 2650.00),
(70, 'Pamela Sanders', '2025-06-01', '2025-06-30', 56500.00, 3650.00, 2400.00);

-- Insert 70 records into AccountingEntry table
INSERT INTO AccountingEntry (TeacherIncomeId, EntryDate, Description, DebitAccount, CreditAccount, Amount, EntryType) VALUES
(1, '2024-01-31', 'Salary payment for James Wilson', 'Salary Expense', 'Cash', 37500.00, 'Salary'),
(2, '2024-01-31', 'Salary payment for Sarah Johnson', 'Salary Expense', 'Bank Account', 41200.00, 'Salary'),
(3, '2024-01-31', 'Salary payment for Michael Brown', 'Salary Expense', 'Cash', 45300.00, 'Salary'),
(4, '2024-01-31', 'Salary payment for Emily Davis', 'Salary Expense', 'Bank Account', 42500.00, 'Salary'),
(5, '2024-02-29', 'Salary payment for David Miller', 'Salary Expense', 'Cash', 38700.00, 'Salary'),
(6, '2024-02-29', 'Salary payment for Jennifer Taylor', 'Salary Expense', 'Bank Account', 44300.00, 'Salary'),
(7, '2024-02-29', 'Salary payment for Robert Anderson', 'Salary Expense', 'Cash', 47900.00, 'Salary'),
(8, '2024-02-29', 'Salary payment for Lisa Thomas', 'Salary Expense', 'Bank Account', 39850.00, 'Salary'),
(9, '2024-03-31', 'Salary payment for William Martinez', 'Salary Expense', 'Cash', 46650.00, 'Salary'),
(10, '2024-03-31', 'Salary payment for Maria Garcia', 'Salary Expense', 'Bank Account', 44050.00, 'Salary'),
(11, '2024-03-31', 'Salary payment for Richard Rodriguez', 'Salary Expense', 'Cash', 49300.00, 'Salary'),
(12, '2024-03-31', 'Salary payment for Patricia Hernandez', 'Salary Expense', 'Bank Account', 41800.00, 'Salary'),
(13, '2024-04-30', 'Withholding tax for Charles Lopez', 'Tax Expense', 'Tax Payable', 4700.00, 'Tax'),
(14, '2024-04-30', 'Withholding tax for Susan Gonzalez', 'Tax Expense', 'Tax Payable', 4250.00, 'Tax'),
(15, '2024-04-30', 'Withholding tax for Joseph Wilson', 'Tax Expense', 'Tax Payable', 3950.00, 'Tax'),
(16, '2024-04-30', 'Withholding tax for Karen Moore', 'Tax Expense', 'Tax Payable', 4600.00, 'Tax'),
(17, '2024-05-31', 'Transport allowance for Thomas Jackson', 'Allowance Expense', 'Cash', 2400.00, 'Allowance'),
(18, '2024-05-31', 'Meal allowance for Nancy Lee', 'Allowance Expense', 'Bank Account', 1500.00, 'Allowance'),
(19, '2024-05-31', 'Medical allowance for Daniel Perez', 'Allowance Expense', 'Cash', 2000.00, 'Allowance'),
(20, '2024-05-31', 'Housing allowance for Betty Thompson', 'Allowance Expense', 'Bank Account', 4750.00, 'Allowance'),
(21, '2024-06-30', 'Salary payment for Matthew White', 'Salary Expense', 'Cash', 53950.00, 'Salary'),
(22, '2024-06-30', 'Salary payment for Sandra Harris', 'Salary Expense', 'Bank Account', 48750.00, 'Salary'),
(23, '2024-06-30', 'Salary payment for Anthony Martin', 'Salary Expense', 'Cash', 45400.00, 'Salary'),
(24, '2024-06-30', 'Salary payment for Margaret Clark', 'Salary Expense', 'Bank Account', 53350.00, 'Salary'),
(25, '2024-07-31', 'Overtime payment for Donald Lewis', 'Overtime Expense', 'Cash', 3000.00, 'Overtime'),
(26, '2024-07-31', 'Overtime payment for Dorothy Robinson', 'Overtime Expense', 'Bank Account', 2550.00, 'Overtime'),
(27, '2024-07-31', 'Overtime payment for Steven Walker', 'Overtime Expense', 'Cash', 2350.00, 'Overtime'),
(28, '2024-07-31', 'Overtime payment for Carol Young', 'Overtime Expense', 'Bank Account', 2950.00, 'Overtime'),
(29, '2024-08-31', 'Other income for Paul Allen', 'Other Income', 'Accounts Receivable', 2150.00, 'Other'),
(30, '2024-08-31', 'Other income for Ruth King', 'Other Income', 'Accounts Receivable', 1900.00, 'Other'),
(31, '2024-08-31', 'Other income for Mark Scott', 'Other Income', 'Accounts Receivable', 1800.00, 'Other'),
(32, '2024-08-31', 'Other income for Sharon Green', 'Other Income', 'Accounts Receivable', 2100.00, 'Other'),
(33, '2024-09-30', 'Salary payment for George Adams', 'Salary Expense', 'Cash', 57400.00, 'Salary'),
(34, '2024-09-30', 'Salary payment for Michelle Baker', 'Salary Expense', 'Bank Account', 52200.00, 'Salary'),
(35, '2024-09-30', 'Salary payment for Kenneth Nelson', 'Salary Expense', 'Cash', 48900.00, 'Salary'),
(36, '2024-09-30', 'Salary payment for Laura Carter', 'Salary Expense', 'Bank Account', 56800.00, 'Salary'),
(37, '2024-10-31', 'Training allowance for Edward Mitchell', 'Training Expense', 'Cash', 4240.00, 'Allowance'),
(38, '2024-10-31', 'Conference allowance for Donna Perez', 'Conference Expense', 'Bank Account', 3000.00, 'Allowance'),
(39, '2024-10-31', 'Book allowance for Brian Roberts', 'Book Expense', 'Cash', 500.00, 'Allowance'),
(40, '2024-10-31', 'Research allowance for Lisa Turner', 'Research Expense', 'Bank Account', 6300.00, 'Allowance'),
(41, '2024-11-30', 'Local tax for Ronald Phillips', 'Tax Expense', 'Tax Payable', 1080.00, 'Tax'),
(42, '2024-11-30', 'State tax for Linda Campbell', 'Tax Expense', 'Tax Payable', 2475.00, 'Tax'),
(43, '2024-11-30', 'Federal tax for Jason Parker', 'Tax Expense', 'Tax Payable', 6975.00, 'Tax'),
(44, '2024-11-30', 'Social security for Barbara Evans', 'Tax Expense', 'Tax Payable', 3317.00, 'Tax'),
(45, '2024-12-31', 'Salary payment for Kevin Edwards', 'Salary Expense', 'Cash', 60850.00, 'Salary'),
(46, '2024-12-31', 'Salary payment for Susan Collins', 'Salary Expense', 'Bank Account', 55650.00, 'Salary'),
(47, '2024-12-31', 'Salary payment for Timothy Stewart', 'Salary Expense', 'Cash', 52350.00, 'Salary'),
(48, '2024-12-31', 'Salary payment for Jessica Sanchez', 'Salary Expense', 'Bank Account', 60250.00, 'Salary'),
(49, '2025-01-31', 'Medical allowance for Andrew Morris', 'Allowance Expense', 'Cash', 2000.00, 'Allowance'),
(50, '2025-01-31', 'Education allowance for Kimberly Rogers', 'Allowance Expense', 'Bank Account', 4120.00, 'Allowance'),
(51, '2025-01-31', 'Travel allowance for Jeffrey Reed', 'Allowance Expense', 'Cash', 3395.00, 'Allowance'),
(52, '2025-01-31', 'Communication allowance for Angela Cook', 'Allowance Expense', 'Bank Account', 800.00, 'Allowance'),
(53, '2025-02-28', 'Car allowance for Ryan Morgan', 'Allowance Expense', 'Cash', 6840.00, 'Allowance'),
(54, '2025-02-28', 'Fuel allowance for Melissa Bell', 'Allowance Expense', 'Bank Account', 2000.00, 'Allowance'),
(55, '2025-02-28', 'Parking allowance for Gary Murphy', 'Allowance Expense', 'Cash', 600.00, 'Allowance'),
(56, '2025-02-28', 'Performance allowance for Amy Bailey', 'Allowance Expense', 'Bank Account', 8475.00, 'Allowance'),
(57, '2025-03-31', 'Tax payment for Jacob Cooper', 'Tax Expense', 'Tax Payable', 5800.00, 'Tax'),
(58, '2025-03-31', 'Tax payment for Rebecca Richardson', 'Tax Expense', 'Tax Payable', 5350.00, 'Tax'),
(59, '2025-03-31', 'Tax payment for Nicholas Cox', 'Tax Expense', 'Tax Payable', 5050.00, 'Tax'),
(60, '2025-03-31', 'Tax payment for Deborah Howard', 'Tax Expense', 'Tax Payable', 5750.00, 'Tax'),
(61, '2025-04-30', 'Relocation allowance for Eric Ward', 'Allowance Expense', 'Cash', 15000.00, 'Allowance'),
(62, '2025-04-30', 'Settling allowance for Stephanie Torres', 'Allowance Expense', 'Bank Account', 5000.00, 'Allowance'),
(63, '2025-04-30', 'Attendance allowance for Stephen Peterson', 'Allowance Expense', 'Cash', 1000.00, 'Allowance'),
(64, '2025-04-30', 'Night shift allowance for Laura Gray', 'Allowance Expense', 'Bank Account', 4320.00, 'Allowance'),
(65, '2025-05-31', 'Salary payment for Jonathan Ramirez', 'Salary Expense', 'Cash', 66600.00, 'Salary'),
(66, '2025-05-31', 'Salary payment for Cynthia James', 'Salary Expense', 'Bank Account', 61400.00, 'Salary'),
(67, '2025-05-31', 'Salary payment for Larry Watson', 'Salary Expense', 'Cash', 58100.00, 'Salary'),
(68, '2025-05-31', 'Salary payment for Brenda Brooks', 'Salary Expense', 'Bank Account', 66000.00, 'Salary'),
(69, '2025-06-30', 'Hazard allowance for Scott Kelly', 'Allowance Expense', 'Cash', 12200.00, 'Allowance'),
(70, '2025-06-30', 'Remote allowance for Pamela Sanders', 'Allowance Expense', 'Bank Account', 4520.00, 'Allowance');

-- Verify counts
SELECT 
    'TeacherIncome' AS TableName, COUNT(*) AS RecordCount FROM TeacherIncome
UNION ALL
SELECT 'Tax', COUNT(*) FROM Tax
UNION ALL
SELECT 'Allowance', COUNT(*) FROM Allowance
UNION ALL
SELECT 'AccountingEntry', COUNT(*) FROM AccountingEntry;



-- Add 10 more records to Tax table (from ID 71 to 80)
INSERT INTO Tax (Name, Description, Rate, IsPercentage, IsActive) VALUES
('Rural Tax', 'Rural development tax 0.6%', 0.60, 1, 1),
('Urban Tax', 'Urban maintenance tax 1.1%', 1.10, 1, 1),
('Development Tax', 'Regional development tax 2.2%', 2.20, 1, 1),
('Security Tax', 'Community security tax 150', 150.00, 0, 1),
('Library Tax', 'Public library tax 0.2%', 0.20, 1, 1),
('Museum Tax', 'Museum maintenance tax 0.3%', 0.30, 1, 1),
('Parks Tax', 'Parks and recreation tax 0.4%', 0.40, 1, 1),
('Fire Tax', 'Fire department tax 0.5%', 0.50, 1, 1),
('Police Tax', 'Police department tax 0.7%', 0.70, 1, 1),
('Ambulance Tax', 'Emergency services tax 0.6%', 0.60, 1, 1);

-- Add 10 more records to Allowance table (from ID 71 to 80)
INSERT INTO Allowance (Name, Description, Amount, IsPercentage, IsTaxable, IsActive) VALUES
('Disability Allowance', 'Disability support allowance', 8.00, 1, 0, 1),
('Scholarship Allowance', 'Student scholarship support', 4000.00, 0, 0, 1),
('Volunteer Allowance', 'Community volunteer work', 3.00, 1, 1, 1),
('Emergency Allowance', 'Emergency expense coverage', 2500.00, 0, 1, 1),
('Transportation Allowance', 'Public transportation pass', 1200.00, 0, 1, 1),
('Lunch Allowance', 'Daily lunch subsidy', 2000.00, 0, 1, 1),
('Coffee Allowance', 'Coffee and refreshments', 500.00, 0, 1, 1),
('Stress Allowance', 'Stress management support', 5.00, 1, 0, 1),
('Meditation Allowance', 'Wellness meditation program', 800.00, 0, 1, 1),
('Sports Allowance', 'Sports activity participation', 1500.00, 0, 1, 1);

-- Add 10 more records to TeacherIncome table (from ID 71 to 80)
INSERT INTO TeacherIncome (TeacherId, TeacherName, PeriodStartDate, PeriodEndDate, BasicSalary, OvertimePay, OtherIncome) VALUES
(71, 'Gregory Price', '2025-07-01', '2025-07-31', 62500.00, 4200.00, 2700.00),
(72, 'Kathleen Bennett', '2025-07-01', '2025-07-31', 57500.00, 3750.00, 2450.00),
(73, 'Benjamin Wood', '2025-07-01', '2025-07-31', 53500.00, 3450.00, 2300.00),
(74, 'Anna Barnes', '2025-07-01', '2025-07-31', 60500.00, 4050.00, 2600.00),
(75, 'Patrick Ross', '2025-08-01', '2025-08-31', 64000.00, 4300.00, 2750.00),
(76, 'Ruth Henderson', '2025-08-01', '2025-08-31', 58500.00, 3850.00, 2500.00),
(77, 'Samuel Coleman', '2025-08-01', '2025-08-31', 54500.00, 3550.00, 2350.00),
(78, 'Helen Jenkins', '2025-08-01', '2025-08-31', 61500.00, 4150.00, 2650.00),
(79, 'Jack Perry', '2025-09-01', '2025-09-30', 65500.00, 4400.00, 2800.00),
(80, 'Alice Powell', '2025-09-01', '2025-09-30', 59500.00, 3950.00, 2550.00);

-- Add 10 more records to AccountingEntry table (from ID 71 to 80)
INSERT INTO AccountingEntry (TeacherIncomeId, EntryDate, Description, DebitAccount, CreditAccount, Amount, EntryType) VALUES
(71, '2025-07-31', 'Salary payment for Gregory Price', 'Salary Expense', 'Cash', 69400.00, 'Salary'),
(72, '2025-07-31', 'Salary payment for Kathleen Bennett', 'Salary Expense', 'Bank Account', 63700.00, 'Salary'),
(73, '2025-07-31', 'Salary payment for Benjamin Wood', 'Salary Expense', 'Cash', 59250.00, 'Salary'),
(74, '2025-07-31', 'Salary payment for Anna Barnes', 'Salary Expense', 'Bank Account', 67150.00, 'Salary'),
(75, '2025-08-31', 'Overtime payment for Patrick Ross', 'Overtime Expense', 'Cash', 4300.00, 'Overtime'),
(76, '2025-08-31', 'Other income for Ruth Henderson', 'Other Income', 'Accounts Receivable', 2500.00, 'Other'),
(77, '2025-08-31', 'Tax payment for Samuel Coleman', 'Tax Expense', 'Tax Payable', 5450.00, 'Tax'),
(78, '2025-08-31', 'Transport allowance for Helen Jenkins', 'Allowance Expense', 'Cash', 3075.00, 'Allowance'),
(79, '2025-09-30', 'Meal allowance for Jack Perry', 'Allowance Expense', 'Bank Account', 1500.00, 'Allowance'),
(80, '2025-09-30', 'Medical allowance for Alice Powell', 'Allowance Expense', 'Cash', 2000.00, 'Allowance');

-- Verify counts (should show 80 for each table now)
SELECT 
    'TeacherIncome' AS TableName, COUNT(*) AS RecordCount FROM TeacherIncome
UNION ALL
SELECT 'Tax', COUNT(*) FROM Tax
UNION ALL
SELECT 'Allowance', COUNT(*) FROM Allowance
UNION ALL
SELECT 'AccountingEntry', COUNT(*) FROM AccountingEntry;